week_number,week_start_date,week_end_date,days_in_week,goal_minutes,week_adherence,basic_week_adherence,smart_duration_sum,student_id
1,2024-12-10,2024-12-16,7,0,0.0,0.0,0.0,11
1,2024-12-10,2024-12-16,7,0,0.0,0.0,0.0,15
1,2024-12-10,2024-12-16,7,0,0.0,0.0,0.0,20
1,2024-12-10,2024-12-16,7,0,0.0,0.0,0.0,34
1,2024-12-10,2024-12-16,7,0,0.0,0.0,0.0,40
1,2024-12-10,2024-12-16,7,175,32.590476190476195,63.37037037037037,57.03333333333333,42
1,2024-12-10,2024-12-16,7,0,0.0,0.0,0.0,48
1,2024-12-10,2024-12-16,7,225,11.65185185185185,29.129629629629626,26.216666666666665,57
1,2024-12-10,2024-12-16,7,0,0.0,0.0,0.0,75
1,2024-12-10,2024-12-16,7,0,0.0,0.0,0.0,79
1,2024-12-10,2024-12-16,7,250,44.82,100.0,112.05,90
1,2024-12-10,2024-12-16,7,0,0.0,0.0,0.0,91
1,2024-12-10,2024-12-16,7,0,0.0,0.0,0.0,105
1,2024-12-10,2024-12-16,7,0,0.0,0.0,0.0,147
1,2024-12-10,2024-12-16,7,90,24.90740740740741,24.90740740740741,22.416666666666668,152
1,2024-12-10,2024-12-16,7,90,1.3333333333333333,1.3333333333333333,1.2,169
1,2024-12-10,2024-12-16,7,0,0.0,0.0,0.0,173
1,2024-12-10,2024-12-16,7,0,0.0,0.0,0.0,192
1,2024-12-10,2024-12-16,7,0,0.0,0.0,0.0,206
1,2024-12-10,2024-12-16,7,0,0.0,0.0,0.0,209
1,2024-12-10,2024-12-16,7,150,53.36666666666666,88.94444444444444,80.05,238
1,2024-12-10,2024-12-16,7,0,0.0,0.0,0.0,251
1,2024-12-10,2024-12-16,7,0,0.0,0.0,0.0,260
1,2024-12-10,2024-12-16,7,90,65.72222222222221,65.72222222222221,59.15,269
1,2024-12-10,2024-12-16,7,0,0.0,0.0,0.0,323
1,2024-12-10,2024-12-16,7,0,0.0,0.0,0.0,361
1,2024-12-10,2024-12-16,7,0,0.0,0.0,0.0,362
1,2024-12-10,2024-12-16,7,90,54.925925925925924,54.925925925925924,49.43333333333333,365
1,2024-12-10,2024-12-16,7,300,25.538888888888888,85.12962962962962,76.61666666666666,384
1,2024-12-10,2024-12-16,7,0,0.0,0.0,0.0,389
1,2024-12-10,2024-12-16,7,150,14.133333333333335,23.555555555555554,21.2,404
1,2024-12-10,2024-12-16,7,0,0.0,0.0,0.0,410
1,2024-12-10,2024-12-16,7,0,0.0,0.0,0.0,415
1,2024-12-10,2024-12-16,7,0,0.0,0.0,0.0,417
1,2024-12-10,2024-12-16,7,0,0.0,0.0,0.0,420
1,2024-12-10,2024-12-16,7,0,0.0,0.0,0.0,434
1,2024-12-10,2024-12-16,7,150,80.21111111111111,100.0,120.31666666666666,436
1,2024-12-10,2024-12-16,7,275,57.1030303030303,100.0,157.03333333333333,445
1,2024-12-10,2024-12-16,7,90,33.46296296296296,33.46296296296296,30.116666666666667,470
1,2024-12-10,2024-12-16,7,275,74.6060606060606,100.0,205.16666666666666,471
1,2024-12-10,2024-12-16,7,0,0.0,0.0,0.0,482
1,2024-12-10,2024-12-16,7,0,0.0,0.0,0.0,485
1,2024-12-10,2024-12-16,7,0,0.0,0.0,0.0,489
1,2024-12-10,2024-12-16,7,0,0.0,0.0,0.0,498
1,2024-12-10,2024-12-16,7,0,0.0,0.0,0.0,511
1,2024-12-10,2024-12-16,7,0,0.0,0.0,0.0,518
1,2024-12-10,2024-12-16,7,150,22.08888888888889,36.81481481481482,33.13333333333333,520
1,2024-12-10,2024-12-16,7,90,100.0,100.0,150.98333333333332,523
1,2024-12-10,2024-12-16,7,0,0.0,0.0,0.0,537
1,2024-12-10,2024-12-16,7,150,34.67777777777778,57.79629629629629,52.016666666666666,538
1,2024-12-10,2024-12-16,7,0,0.0,0.0,0.0,539
1,2024-12-10,2024-12-16,7,0,0.0,0.0,0.0,561
1,2024-12-10,2024-12-16,7,0,0.0,0.0,0.0,565
1,2024-12-10,2024-12-16,7,0,0.0,0.0,0.0,567
1,2024-12-10,2024-12-16,7,150,100.0,100.0,181.21666666666667,570
1,2024-12-10,2024-12-16,7,0,0.0,0.0,0.0,592
1,2024-12-10,2024-12-16,7,0,0.0,0.0,0.0,600
1,2024-12-10,2024-12-16,7,0,0.0,0.0,0.0,601
1,2024-12-10,2024-12-16,7,0,0.0,0.0,0.0,610
1,2024-12-10,2024-12-16,7,0,0.0,0.0,0.0,612
1,2024-12-10,2024-12-16,7,0,0.0,0.0,0.0,613
1,2024-12-10,2024-12-16,7,90,33.55555555555556,33.55555555555556,30.2,614
1,2024-12-10,2024-12-16,7,0,0.0,0.0,0.0,620
1,2024-12-10,2024-12-16,7,0,0.0,0.0,0.0,621
1,2024-12-10,2024-12-16,7,0,0.0,0.0,0.0,625
1,2024-12-10,2024-12-16,7,0,0.0,0.0,0.0,626
1,2024-12-10,2024-12-16,7,90,100.0,100.0,120.06666666666666,650
1,2024-12-10,2024-12-16,7,0,0.0,0.0,0.0,651
1,2024-12-10,2024-12-16,7,0,0.0,0.0,0.0,658
1,2024-12-10,2024-12-16,7,0,0.0,0.0,0.0,676
1,2024-12-10,2024-12-16,7,0,0.0,0.0,0.0,684
1,2024-12-10,2024-12-16,7,0,0.0,0.0,0.0,686
1,2024-12-10,2024-12-16,7,0,0.0,0.0,0.0,695
1,2024-12-10,2024-12-16,7,0,0.0,0.0,0.0,705
1,2024-12-10,2024-12-16,7,90,30.648148148148145,30.648148148148145,27.583333333333332,709
1,2024-12-10,2024-12-16,7,90,62.33333333333333,62.33333333333333,56.1,710
1,2024-12-10,2024-12-16,7,0,0.0,0.0,0.0,711
1,2024-12-10,2024-12-16,7,0,0.0,0.0,0.0,712
1,2024-12-10,2024-12-16,7,0,0.0,0.0,0.0,713
1,2024-12-10,2024-12-16,7,0,0.0,0.0,0.0,714
1,2024-12-10,2024-12-16,7,0,0.0,0.0,0.0,715
1,2024-12-10,2024-12-16,7,90,0.0,0.0,0.0,717
1,2024-12-10,2024-12-16,7,90,55.81481481481482,55.81481481481482,50.233333333333334,719
1,2024-12-10,2024-12-16,7,0,0.0,0.0,0.0,723
1,2024-12-10,2024-12-16,7,0,0.0,0.0,0.0,732
1,2024-12-10,2024-12-16,7,200,15.016666666666667,33.370370370370374,30.033333333333335,742
1,2024-12-10,2024-12-16,7,0,0.0,0.0,0.0,748
1,2024-12-10,2024-12-16,7,0,0.0,0.0,0.0,753
1,2024-12-10,2024-12-16,7,90,11.129629629629632,11.129629629629632,10.016666666666667,755
1,2024-12-10,2024-12-16,7,0,0.0,0.0,0.0,756
1,2024-12-10,2024-12-16,7,275,4.248484848484849,12.981481481481483,11.683333333333334,757
1,2024-12-10,2024-12-16,7,120,19.083333333333332,25.444444444444443,22.9,758
1,2024-12-10,2024-12-16,7,275,29.260606060606058,89.40740740740742,80.46666666666667,759
1,2024-12-10,2024-12-16,7,90,27.0,27.0,24.3,762
1,2024-12-10,2024-12-16,7,0,0.0,0.0,0.0,766
1,2024-12-10,2024-12-16,7,0,0.0,0.0,0.0,775
1,2024-12-10,2024-12-16,7,90,100.0,100.0,154.3,787
1,2024-12-10,2024-12-16,7,0,0.0,0.0,0.0,788
1,2024-12-10,2024-12-16,7,0,0.0,0.0,0.0,789
1,2024-12-10,2024-12-16,7,0,0.0,0.0,0.0,790
1,2024-12-10,2024-12-16,7,0,0.0,0.0,0.0,795
1,2024-12-10,2024-12-16,7,0,0.0,0.0,0.0,798
1,2024-12-10,2024-12-16,7,0,0.0,0.0,0.0,800
1,2024-12-10,2024-12-16,7,0,0.0,0.0,0.0,803
1,2024-12-10,2024-12-16,7,0,0.0,0.0,0.0,820
1,2024-12-10,2024-12-16,7,0,0.0,0.0,0.0,824
1,2024-12-10,2024-12-16,7,0,0.0,0.0,0.0,837
1,2024-12-10,2024-12-16,7,0,0.0,0.0,0.0,838
1,2024-12-10,2024-12-16,7,0,0.0,0.0,0.0,839
1,2024-12-10,2024-12-16,7,0,0.0,0.0,0.0,841
1,2024-12-10,2024-12-16,7,0,0.0,0.0,0.0,843
1,2024-12-10,2024-12-16,7,0,0.0,0.0,0.0,844
1,2024-12-10,2024-12-16,7,0,0.0,0.0,0.0,852
1,2024-12-10,2024-12-16,7,90,100.0,100.0,120.68333333333334,853
1,2024-12-10,2024-12-16,7,0,0.0,0.0,0.0,854
1,2024-12-10,2024-12-16,7,0,0.0,0.0,0.0,855
1,2024-12-10,2024-12-16,7,275,100.0,100.0,276.6333333333333,859
1,2024-12-10,2024-12-16,7,0,0.0,0.0,0.0,863
1,2024-12-10,2024-12-16,7,0,0.0,0.0,0.0,864
1,2024-12-10,2024-12-16,7,90,33.53703703703704,33.53703703703704,30.183333333333334,867
1,2024-12-10,2024-12-16,7,0,0.0,0.0,0.0,868
1,2024-12-10,2024-12-16,7,0,0.0,0.0,0.0,869
1,2024-12-10,2024-12-16,7,0,0.0,0.0,0.0,882
1,2024-12-10,2024-12-16,7,0,0.0,0.0,0.0,889
1,2024-12-10,2024-12-16,7,0,0.0,0.0,0.0,896
1,2024-12-10,2024-12-16,7,0,0.0,0.0,0.0,897
1,2024-12-10,2024-12-16,7,0,0.0,0.0,0.0,909
1,2024-12-10,2024-12-16,7,0,0.0,0.0,0.0,910
1,2024-12-10,2024-12-16,7,0,0.0,0.0,0.0,912
1,2024-12-10,2024-12-16,7,0,0.0,0.0,0.0,914
1,2024-12-10,2024-12-16,7,0,0.0,0.0,0.0,915
1,2024-12-10,2024-12-16,7,0,0.0,0.0,0.0,916
1,2024-12-10,2024-12-16,7,275,51.224242424242426,100.0,140.86666666666667,917
1,2024-12-10,2024-12-16,7,0,0.0,0.0,0.0,918
1,2024-12-10,2024-12-16,7,275,62.25454545454545,100.0,171.2,922
1,2024-12-10,2024-12-16,7,275,18.21212121212121,55.648148148148145,50.083333333333336,923
1,2024-12-10,2024-12-16,7,0,0.0,0.0,0.0,925
1,2024-12-10,2024-12-16,7,0,0.0,0.0,0.0,926
1,2024-12-10,2024-12-16,7,0,0.0,0.0,0.0,927
1,2024-12-10,2024-12-16,7,0,0.0,0.0,0.0,928
1,2024-12-10,2024-12-16,7,0,0.0,0.0,0.0,929
1,2024-12-10,2024-12-16,7,0,0.0,0.0,0.0,930
1,2024-12-10,2024-12-16,7,0,0.0,0.0,0.0,933
1,2024-12-10,2024-12-16,7,0,0.0,0.0,0.0,936
1,2024-12-10,2024-12-16,7,0,0.0,0.0,0.0,937
1,2024-12-10,2024-12-16,7,0,0.0,0.0,0.0,946
1,2024-12-10,2024-12-16,7,0,0.0,0.0,0.0,948
1,2024-12-10,2024-12-16,7,0,0.0,0.0,0.0,950
1,2024-12-10,2024-12-16,7,0,0.0,0.0,0.0,951
1,2024-12-10,2024-12-16,7,0,0.0,0.0,0.0,955
1,2024-12-10,2024-12-16,7,0,0.0,0.0,0.0,957
1,2024-12-10,2024-12-16,7,0,0.0,0.0,0.0,958
1,2024-12-10,2024-12-16,7,0,0.0,0.0,0.0,962
1,2024-12-10,2024-12-16,7,0,0.0,0.0,0.0,967
1,2024-12-10,2024-12-16,7,0,0.0,0.0,0.0,968
1,2024-12-10,2024-12-16,7,0,0.0,0.0,0.0,969
1,2024-12-10,2024-12-16,7,0,0.0,0.0,0.0,970
1,2024-12-10,2024-12-16,7,0,0.0,0.0,0.0,974
1,2024-12-10,2024-12-16,7,0,0.0,0.0,0.0,975
1,2024-12-10,2024-12-16,7,0,0.0,0.0,0.0,983
1,2024-12-10,2024-12-16,7,0,0.0,0.0,0.0,984
1,2024-12-10,2024-12-16,7,0,0.0,0.0,0.0,985
1,2024-12-10,2024-12-16,7,0,0.0,0.0,0.0,986
1,2024-12-10,2024-12-16,7,0,0.0,0.0,0.0,987
1,2024-12-10,2024-12-16,7,90,34.09259259259259,34.09259259259259,30.683333333333334,988
1,2024-12-10,2024-12-16,7,0,0.0,0.0,0.0,989
1,2024-12-10,2024-12-16,7,0,0.0,0.0,0.0,990
1,2024-12-10,2024-12-16,7,0,0.0,0.0,0.0,997
1,2024-12-10,2024-12-16,7,0,0.0,0.0,0.0,1000
1,2024-12-10,2024-12-16,7,0,0.0,0.0,0.0,1001
1,2024-12-10,2024-12-16,7,0,0.0,0.0,0.0,1002
1,2024-12-10,2024-12-16,7,0,0.0,0.0,0.0,1004
1,2024-12-10,2024-12-16,7,0,0.0,0.0,0.0,1007
1,2024-12-10,2024-12-16,7,0,0.0,0.0,0.0,1008
1,2024-12-10,2024-12-16,7,0,0.0,0.0,0.0,1009
1,2024-12-10,2024-12-16,7,0,0.0,0.0,0.0,1011
1,2024-12-10,2024-12-16,7,0,0.0,0.0,0.0,1012
1,2024-12-10,2024-12-16,7,0,0.0,0.0,0.0,1013
1,2024-12-10,2024-12-16,7,90,0.0,0.0,0.0,1014
1,2024-12-10,2024-12-16,7,0,0.0,0.0,0.0,1015
1,2024-12-10,2024-12-16,7,0,0.0,0.0,0.0,1016
1,2024-12-10,2024-12-16,7,0,0.0,0.0,0.0,1017
1,2024-12-10,2024-12-16,7,0,0.0,0.0,0.0,1020
1,2024-12-10,2024-12-16,7,0,0.0,0.0,0.0,1021
1,2024-12-10,2024-12-16,7,0,0.0,0.0,0.0,1022
1,2024-12-10,2024-12-16,7,0,0.0,0.0,0.0,1023
1,2024-12-10,2024-12-16,7,0,0.0,0.0,0.0,1024
1,2024-12-10,2024-12-16,7,0,0.0,0.0,0.0,1025
1,2024-12-10,2024-12-16,7,300,50.48333333333333,100.0,151.45,1027
1,2024-12-10,2024-12-16,7,0,0.0,0.0,0.0,1033
1,2024-12-10,2024-12-16,7,0,0.0,0.0,0.0,1034
1,2024-12-10,2024-12-16,7,0,0.0,0.0,0.0,1035
1,2024-12-10,2024-12-16,7,0,0.0,0.0,0.0,1036
1,2024-12-10,2024-12-16,7,0,0.0,0.0,0.0,1037
1,2024-12-10,2024-12-16,7,0,0.0,0.0,0.0,1038
1,2024-12-10,2024-12-16,7,0,0.0,0.0,0.0,1040
1,2024-12-10,2024-12-16,7,90,36.166666666666664,36.166666666666664,32.55,1044
1,2024-12-10,2024-12-16,7,0,0.0,0.0,0.0,1046
1,2024-12-10,2024-12-16,7,0,0.0,0.0,0.0,1049
1,2024-12-10,2024-12-16,7,0,0.0,0.0,0.0,1050
1,2024-12-10,2024-12-16,7,0,0.0,0.0,0.0,1053
1,2024-12-10,2024-12-16,7,0,0.0,0.0,0.0,1056
1,2024-12-10,2024-12-16,7,275,54.127272727272725,100.0,148.85,1057
1,2024-12-10,2024-12-16,7,0,0.0,0.0,0.0,1064
1,2024-12-10,2024-12-16,7,0,0.0,0.0,0.0,1065
1,2024-12-10,2024-12-16,7,0,0.0,0.0,0.0,1066
1,2024-12-10,2024-12-16,7,0,0.0,0.0,0.0,1067
1,2024-12-10,2024-12-16,7,0,0.0,0.0,0.0,1072
1,2024-12-10,2024-12-16,7,90,68.07407407407408,68.07407407407408,61.266666666666666,1075
1,2024-12-10,2024-12-16,7,0,0.0,0.0,0.0,1076
1,2024-12-10,2024-12-16,7,0,0.0,0.0,0.0,1077
1,2024-12-10,2024-12-16,7,0,0.0,0.0,0.0,1079
1,2024-12-10,2024-12-16,7,0,0.0,0.0,0.0,1080
1,2024-12-10,2024-12-16,7,0,0.0,0.0,0.0,1081
1,2024-12-10,2024-12-16,7,0,0.0,0.0,0.0,1084
1,2024-12-10,2024-12-16,7,0,0.0,0.0,0.0,1085
1,2024-12-10,2024-12-16,7,0,0.0,0.0,0.0,1087
1,2024-12-10,2024-12-16,7,0,0.0,0.0,0.0,1088
1,2024-12-10,2024-12-16,7,0,0.0,0.0,0.0,1089
1,2024-12-10,2024-12-16,7,0,0.0,0.0,0.0,1090
1,2024-12-10,2024-12-16,7,0,0.0,0.0,0.0,1091
1,2024-12-10,2024-12-16,7,0,0.0,0.0,0.0,1093
1,2024-12-10,2024-12-16,7,0,0.0,0.0,0.0,1096
1,2024-12-10,2024-12-16,7,0,0.0,0.0,0.0,1099
1,2024-12-10,2024-12-16,7,0,0.0,0.0,0.0,1100
1,2024-12-10,2024-12-16,7,0,0.0,0.0,0.0,1106
1,2024-12-10,2024-12-16,7,300,46.53333333333333,100.0,139.6,1108
1,2024-12-10,2024-12-16,7,90,0.0,0.0,0.0,1109
1,2024-12-10,2024-12-16,7,0,0.0,0.0,0.0,1111
1,2024-12-10,2024-12-16,7,0,0.0,0.0,0.0,1144
1,2024-12-10,2024-12-16,7,0,0.0,0.0,0.0,1146
1,2024-12-10,2024-12-16,7,0,0.0,0.0,0.0,1147
1,2024-12-10,2024-12-16,7,0,0.0,0.0,0.0,1148
1,2024-12-10,2024-12-16,7,0,0.0,0.0,0.0,1163
1,2024-12-10,2024-12-16,7,0,0.0,0.0,0.0,1174
1,2024-12-10,2024-12-16,7,0,0.0,0.0,0.0,1176
1,2024-12-10,2024-12-16,7,0,0.0,0.0,0.0,1180
1,2024-12-10,2024-12-16,7,0,0.0,0.0,0.0,1181
1,2024-12-10,2024-12-16,7,0,0.0,0.0,0.0,1185
1,2024-12-10,2024-12-16,7,0,0.0,0.0,0.0,1186
1,2024-12-10,2024-12-16,7,0,0.0,0.0,0.0,1190
1,2024-12-10,2024-12-16,7,0,0.0,0.0,0.0,1201
1,2024-12-10,2024-12-16,7,0,0.0,0.0,0.0,1202
1,2024-12-10,2024-12-16,7,0,0.0,0.0,0.0,1203
1,2024-12-10,2024-12-16,7,0,0.0,0.0,0.0,1204
1,2024-12-10,2024-12-16,7,0,0.0,0.0,0.0,1205
1,2024-12-10,2024-12-16,7,0,0.0,0.0,0.0,1208
1,2024-12-10,2024-12-16,7,0,0.0,0.0,0.0,1210
1,2024-12-10,2024-12-16,7,0,0.0,0.0,0.0,1211
1,2024-12-10,2024-12-16,7,0,0.0,0.0,0.0,1212
1,2024-12-10,2024-12-16,7,0,0.0,0.0,0.0,1213
1,2024-12-10,2024-12-16,7,150,15.11111111111111,25.185185185185187,22.666666666666668,1214
1,2024-12-10,2024-12-16,7,0,0.0,0.0,0.0,1215
1,2024-12-10,2024-12-16,7,0,0.0,0.0,0.0,1216
1,2024-12-10,2024-12-16,7,0,0.0,0.0,0.0,1217
1,2024-12-10,2024-12-16,7,0,0.0,0.0,0.0,1218
1,2024-12-10,2024-12-16,7,0,0.0,0.0,0.0,1219
1,2024-12-10,2024-12-16,7,0,0.0,0.0,0.0,1220
1,2024-12-10,2024-12-16,7,0,0.0,0.0,0.0,1229
1,2024-12-10,2024-12-16,7,275,36.49090909090909,100.0,100.35,1230
1,2024-12-10,2024-12-16,7,0,0.0,0.0,0.0,1231
1,2024-12-10,2024-12-16,7,0,0.0,0.0,0.0,1232
1,2024-12-10,2024-12-16,7,0,0.0,0.0,0.0,1233
1,2024-12-10,2024-12-16,7,150,20.544444444444444,34.24074074074074,30.816666666666666,1234
1,2024-12-10,2024-12-16,7,0,0.0,0.0,0.0,1235
1,2024-12-10,2024-12-16,7,0,0.0,0.0,0.0,1266
1,2024-12-10,2024-12-16,7,0,0.0,0.0,0.0,1270
1,2024-12-10,2024-12-16,7,0,0.0,0.0,0.0,1275
1,2024-12-10,2024-12-16,7,90,68.16666666666666,68.16666666666666,61.35,1276
1,2024-12-10,2024-12-16,7,0,0.0,0.0,0.0,1277
1,2024-12-10,2024-12-16,7,0,0.0,0.0,0.0,1280
1,2024-12-10,2024-12-16,7,0,0.0,0.0,0.0,1282
1,2024-12-10,2024-12-16,7,0,0.0,0.0,0.0,1283
1,2024-12-10,2024-12-16,7,0,0.0,0.0,0.0,1289
1,2024-12-10,2024-12-16,7,0,0.0,0.0,0.0,1294
1,2024-12-10,2024-12-16,7,0,0.0,0.0,0.0,1295
1,2024-12-10,2024-12-16,7,0,0.0,0.0,0.0,1296
1,2024-12-10,2024-12-16,7,0,0.0,0.0,0.0,1297
1,2024-12-10,2024-12-16,7,0,0.0,0.0,0.0,1298
1,2024-12-10,2024-12-16,7,0,0.0,0.0,0.0,1299
1,2024-12-10,2024-12-16,7,0,0.0,0.0,0.0,1302
1,2024-12-10,2024-12-16,7,0,0.0,0.0,0.0,1304
1,2024-12-10,2024-12-16,7,0,0.0,0.0,0.0,1305
1,2024-12-10,2024-12-16,7,0,0.0,0.0,0.0,1306
1,2024-12-10,2024-12-16,7,0,0.0,0.0,0.0,1307
1,2024-12-10,2024-12-16,7,0,0.0,0.0,0.0,1308
1,2024-12-10,2024-12-16,7,0,0.0,0.0,0.0,1310
1,2024-12-10,2024-12-16,7,0,0.0,0.0,0.0,1314
1,2024-12-10,2024-12-16,7,0,0.0,0.0,0.0,1315
1,2024-12-10,2024-12-16,7,0,0.0,0.0,0.0,1320
1,2024-12-10,2024-12-16,7,0,0.0,0.0,0.0,1326
1,2024-12-10,2024-12-16,7,0,0.0,0.0,0.0,1335
1,2024-12-10,2024-12-16,7,200,100.0,100.0,280.28333333333336,1337
1,2024-12-10,2024-12-16,7,0,0.0,0.0,0.0,1339
1,2024-12-10,2024-12-16,7,0,0.0,0.0,0.0,1348
1,2024-12-10,2024-12-16,7,0,0.0,0.0,0.0,1349
1,2024-12-10,2024-12-16,7,0,0.0,0.0,0.0,1356
1,2024-12-10,2024-12-16,7,0,0.0,0.0,0.0,1363
1,2024-12-10,2024-12-16,7,0,0.0,0.0,0.0,1369
1,2024-12-10,2024-12-16,7,0,0.0,0.0,0.0,1371
1,2024-12-10,2024-12-16,7,0,0.0,0.0,0.0,1372
1,2024-12-10,2024-12-16,7,90,73.53703703703704,73.53703703703704,66.18333333333334,1373
1,2024-12-10,2024-12-16,7,0,0.0,0.0,0.0,1374
1,2024-12-10,2024-12-16,7,0,0.0,0.0,0.0,1377
1,2024-12-10,2024-12-16,7,300,20.166666666666664,67.22222222222223,60.5,1378
1,2024-12-10,2024-12-16,7,150,6.799999999999999,11.333333333333332,10.2,1381
1,2024-12-10,2024-12-16,7,90,11.555555555555557,11.555555555555557,10.4,1382
1,2024-12-10,2024-12-16,7,0,0.0,0.0,0.0,1383
1,2024-12-10,2024-12-16,7,0,0.0,0.0,0.0,1387
1,2024-12-10,2024-12-16,7,0,0.0,0.0,0.0,1398
1,2024-12-10,2024-12-16,7,0,0.0,0.0,0.0,1404
1,2024-12-10,2024-12-16,7,90,31.51851851851852,31.51851851851852,28.366666666666667,1405
1,2024-12-10,2024-12-16,7,0,0.0,0.0,0.0,1408
1,2024-12-10,2024-12-16,7,90,100.0,100.0,97.01666666666667,1409
1,2024-12-10,2024-12-16,7,0,0.0,0.0,0.0,1412
1,2024-12-10,2024-12-16,7,0,0.0,0.0,0.0,1413
1,2024-12-10,2024-12-16,7,90,0.0,0.0,0.0,1415
1,2024-12-10,2024-12-16,7,0,0.0,0.0,0.0,1416
1,2024-12-10,2024-12-16,7,0,0.0,0.0,0.0,1420
1,2024-12-10,2024-12-16,7,0,0.0,0.0,0.0,1421
1,2024-12-10,2024-12-16,7,0,0.0,0.0,0.0,1422
1,2024-12-10,2024-12-16,7,0,0.0,0.0,0.0,1423
1,2024-12-10,2024-12-16,7,0,0.0,0.0,0.0,1427
1,2024-12-10,2024-12-16,7,0,0.0,0.0,0.0,1429
1,2024-12-10,2024-12-16,7,90,100.0,100.0,174.36666666666667,1430
1,2024-12-10,2024-12-16,7,0,0.0,0.0,0.0,1431
1,2024-12-10,2024-12-16,7,0,0.0,0.0,0.0,1433
1,2024-12-10,2024-12-16,7,105,49.079365079365076,57.25925925925925,51.53333333333333,1434
1,2024-12-10,2024-12-16,7,0,0.0,0.0,0.0,1437
1,2024-12-10,2024-12-16,7,150,68.19999999999999,100.0,102.3,1439
1,2024-12-10,2024-12-16,7,0,0.0,0.0,0.0,1441
1,2024-12-10,2024-12-16,7,0,0.0,0.0,0.0,1442
1,2024-12-10,2024-12-16,7,0,0.0,0.0,0.0,1444
1,2024-12-10,2024-12-16,7,0,0.0,0.0,0.0,1447
1,2024-12-10,2024-12-16,7,150,66.97777777777777,100.0,100.46666666666667,1451
1,2024-12-10,2024-12-16,7,90,66.88888888888889,66.88888888888889,60.2,1452
1,2024-12-10,2024-12-16,7,0,0.0,0.0,0.0,1458
1,2024-12-10,2024-12-16,7,0,0.0,0.0,0.0,1461
1,2024-12-10,2024-12-16,7,0,0.0,0.0,0.0,1464
1,2024-12-10,2024-12-16,7,0,0.0,0.0,0.0,1474
1,2024-12-10,2024-12-16,7,90,9.203703703703704,9.203703703703704,8.283333333333333,1475
1,2024-12-10,2024-12-16,7,0,0.0,0.0,0.0,1476
1,2024-12-10,2024-12-16,7,150,46.86666666666666,78.11111111111111,70.3,1477
1,2024-12-10,2024-12-16,7,0,0.0,0.0,0.0,1479
1,2024-12-10,2024-12-16,7,0,0.0,0.0,0.0,1480
1,2024-12-10,2024-12-16,7,0,0.0,0.0,0.0,1489
1,2024-12-10,2024-12-16,7,0,0.0,0.0,0.0,1491
1,2024-12-10,2024-12-16,7,0,0.0,0.0,0.0,1493
1,2024-12-10,2024-12-16,7,0,0.0,0.0,0.0,1494
1,2024-12-10,2024-12-16,7,0,0.0,0.0,0.0,1510
1,2024-12-10,2024-12-16,7,0,0.0,0.0,0.0,1516
1,2024-12-10,2024-12-16,7,150,24.72222222222222,41.20370370370371,37.083333333333336,1519
1,2024-12-10,2024-12-16,7,0,0.0,0.0,0.0,1520
1,2024-12-10,2024-12-16,7,0,0.0,0.0,0.0,1538
1,2024-12-10,2024-12-16,7,0,0.0,0.0,0.0,1546
1,2024-12-10,2024-12-16,7,0,0.0,0.0,0.0,1567
1,2024-12-10,2024-12-16,7,120,25.069444444444443,33.425925925925924,30.083333333333332,1571
1,2024-12-10,2024-12-16,7,0,0.0,0.0,0.0,1572
1,2024-12-10,2024-12-16,7,0,0.0,0.0,0.0,1576
1,2024-12-10,2024-12-16,7,0,0.0,0.0,0.0,1577
1,2024-12-10,2024-12-16,7,0,0.0,0.0,0.0,1580
1,2024-12-10,2024-12-16,7,0,0.0,0.0,0.0,1582
1,2024-12-10,2024-12-16,7,0,0.0,0.0,0.0,1583
1,2024-12-10,2024-12-16,7,0,0.0,0.0,0.0,1585
1,2024-12-10,2024-12-16,7,0,0.0,0.0,0.0,1586
1,2024-12-10,2024-12-16,7,0,0.0,0.0,0.0,1588
1,2024-12-10,2024-12-16,7,0,0.0,0.0,0.0,1590
1,2024-12-10,2024-12-16,7,0,0.0,0.0,0.0,1597
1,2024-12-10,2024-12-16,7,90,100.0,100.0,100.5,1607
1,2024-12-10,2024-12-16,7,150,31.93333333333333,53.222222222222214,47.9,1608
1,2024-12-10,2024-12-16,7,0,0.0,0.0,0.0,1612
1,2024-12-10,2024-12-16,7,0,0.0,0.0,0.0,1613
1,2024-12-10,2024-12-16,7,0,0.0,0.0,0.0,1618
1,2024-12-10,2024-12-16,7,0,0.0,0.0,0.0,1619
1,2024-12-10,2024-12-16,7,0,0.0,0.0,0.0,1622
1,2024-12-10,2024-12-16,7,90,33.407407407407405,33.407407407407405,30.066666666666666,1638
1,2024-12-10,2024-12-16,7,0,0.0,0.0,0.0,1641
1,2024-12-10,2024-12-16,7,0,0.0,0.0,0.0,1643
1,2024-12-10,2024-12-16,7,0,0.0,0.0,0.0,1644
1,2024-12-10,2024-12-16,7,0,0.0,0.0,0.0,1646
1,2024-12-10,2024-12-16,7,0,0.0,0.0,0.0,1648
1,2024-12-10,2024-12-16,7,0,0.0,0.0,0.0,1649
1,2024-12-10,2024-12-16,7,0,0.0,0.0,0.0,1657
1,2024-12-10,2024-12-16,7,0,0.0,0.0,0.0,1658
1,2024-12-10,2024-12-16,7,0,0.0,0.0,0.0,1661
1,2024-12-10,2024-12-16,7,250,95.26666666666667,100.0,238.16666666666666,1671
1,2024-12-10,2024-12-16,7,0,0.0,0.0,0.0,1675
1,2024-12-10,2024-12-16,7,150,19.366666666666667,32.27777777777778,29.05,1681
1,2024-12-10,2024-12-16,7,0,0.0,0.0,0.0,1682
1,2024-12-10,2024-12-16,7,0,0.0,0.0,0.0,1684
1,2024-12-10,2024-12-16,7,0,0.0,0.0,0.0,1685
1,2024-12-10,2024-12-16,7,0,0.0,0.0,0.0,1686
1,2024-12-10,2024-12-16,7,90,11.444444444444445,11.444444444444445,10.3,1688
1,2024-12-10,2024-12-16,7,90,0.0,0.0,0.0,1691
1,2024-12-10,2024-12-16,7,200,17.525,38.94444444444444,35.05,1700
1,2024-12-10,2024-12-16,7,0,0.0,0.0,0.0,1701
1,2024-12-10,2024-12-16,7,150,27.01111111111111,45.01851851851852,40.516666666666666,1703
1,2024-12-10,2024-12-16,7,0,0.0,0.0,0.0,1704
1,2024-12-10,2024-12-16,7,150,17.177777777777777,28.629629629629626,25.766666666666666,1705
1,2024-12-10,2024-12-16,7,150,61.544444444444444,100.0,92.31666666666666,1706
1,2024-12-10,2024-12-16,7,120,28.111111111111114,37.48148148148148,33.733333333333334,1707
1,2024-12-10,2024-12-16,7,0,0.0,0.0,0.0,1708
1,2024-12-10,2024-12-16,7,0,0.0,0.0,0.0,1709
1,2024-12-10,2024-12-16,7,0,0.0,0.0,0.0,1710
1,2024-12-10,2024-12-16,7,90,66.92592592592592,66.92592592592592,60.233333333333334,1714
1,2024-12-10,2024-12-16,7,0,0.0,0.0,0.0,1720
1,2024-12-10,2024-12-16,7,0,0.0,0.0,0.0,1721
1,2024-12-10,2024-12-16,7,0,0.0,0.0,0.0,1724
1,2024-12-10,2024-12-16,7,0,0.0,0.0,0.0,1727
1,2024-12-10,2024-12-16,7,0,0.0,0.0,0.0,1729
1,2024-12-10,2024-12-16,7,0,0.0,0.0,0.0,1730
1,2024-12-10,2024-12-16,7,0,0.0,0.0,0.0,1731
1,2024-12-10,2024-12-16,7,0,0.0,0.0,0.0,1733
1,2024-12-10,2024-12-16,7,0,0.0,0.0,0.0,1735
1,2024-12-10,2024-12-16,7,0,0.0,0.0,0.0,1736
1,2024-12-10,2024-12-16,7,90,100.0,100.0,142.06666666666666,1738
1,2024-12-10,2024-12-16,7,0,0.0,0.0,0.0,1741
1,2024-12-10,2024-12-16,7,150,16.56666666666667,27.611111111111114,24.85,1742
1,2024-12-10,2024-12-16,7,90,0.0,0.0,0.0,1745
1,2024-12-10,2024-12-16,7,150,0.0,0.0,0.0,1747
1,2024-12-10,2024-12-16,7,150,100.0,100.0,200.63333333333333,1750
